{
    "$schema": "http://json-schema.org/draft-04/schema#",
    "resource_id": { "$ref": "common.json#/cell" },
    "resource": {
        "type": "object",
        "additionalProperties": false,
        "properties": {
            "archive_server": { "type": "string" },
            "archive_username": { "type": "string" },
            "location": { "$ref": "common.json#/location" },
            "ssq_namespace": { "type": "string" },
            "treadmill_root": { "type": "string" },
            "treadmillid": { "$ref": "common.json#/proid" },
            "version": { "type": "string" }
        }
    },
    "verbs": {
        "create": {
            "required": ["treadmillid", "version", "location"]
        },
        "update": {
            "required": []
        }
    }
}
