{
    "$schema": "http://json-schema.org/draft-04/schema#",
    "message": {
        "type": "object",
        "properties": {
            "topic": { "$ref": "common.json#/message/topic" },
            "since": { "$ref": "common.json#/message/since" },
            "snapshot": { "$ref": "common.json#/message/snapshot" },
            "filter": { "$ref": "common.json#/message/filter" },
            "proto": {
                "type": "string",
                "pattern": "^tcp$|^udp$|^\\*$"
            },
            "endpoint": {
                "type": "string",
                "maxLength": 20,
                "pattern": "^[\\w\\-\\*\\[\\]\\?]+$"
            }
        },
        "additionalProperties": false,
        "required": [ "topic", "filter" ]
    }
}
