{
    "$schema": "http://json-schema.org/draft-04/schema#",
    "message": {
        "type": "object",
        "properties": {
            "topic": { "$ref": "common.json#/message/topic" },
            "since": { "$ref": "common.json#/message/since" },
            "snapshot": { "$ref": "common.json#/message/snapshot" },
            "identity-group": {
                "type": "string",
                "maxLength": 128,
                "pattern": "^[\\w\\-\\.\\*\\[\\]\\?]+$"
            }
        },
        "additionalProperties": false,
        "required": [ "topic" ]
    }
}
